{
    "meta": {
        "label": "Updated Json API Plugin",
        "description": "User input fields",
        "icon": "fas fa-puzzle-piece"
    },
    "kind": "PYTHON",
    "selectableFromDataset": "input_dataset",
    "inputRoles": [
        {
            "name": "input_dataset",
            "label": "input A displayed name",
            "description": "what input A means",
            "arity": "UNARY",
            "required": true,
            "acceptsDataset": true
        }
    ],
    "outputRoles": [
        {
            "name": "main_output",
            "label": "main output displayed name",
            "description": "Folder to save the project summary",
            "arity": "UNARY",
            "required": true,
            "acceptsDataset": false,
            "acceptsManagedFolder": true
        }
    ],
    "paramsPythonSetup" : "unique_columns_values.py",
    "params": [
        {
            "name": "access_type",
            "label": "Access type",
            "type": "SELECT",
            "defaultValue": "token_access",
            "selectChoices": [
                {
                    "value": "token_access",
                    "label": "Global API Key (Public)"
                }
            ]
        },
        {
            "name": "project_key",
            "label": "Project ID (Key)",
            "type": "STRING",
            "defaultValue": "",
            "description": "Enter the project ID here."
        }
    ],
    "resourceKeys": []
}